RU088663268=			Semi-annual		
RU085533428=			Semi-annual		
RU080513143=			Semi-annual		
RU049493380=			Semi-annual		
RU092214257=			Semi-annual		
RU028869053=			Semi-annual		
RU054436297=			Semi-annual		
RU083241250=			Semi-annual		
RU062069520=			Semi-annual		
RU049357923=			Semi-annual		
RU092504310=			Semi-annual		
RU020582847=			Semi-annual		
RU055549320=			Semi-annual		
RU104254438=			Annual		
RU031257298=			Semi-annual		
RU049409575=			Semi-annual		
RU023633604=			Semi-annual		
RU029918325=			Semi-annual		
RU094474183=			Semi-annual		
VG097446920=			Semi-annual		
RU085039326=			Semi-annual		
RU084816345=			Semi-annual		
RU095467393=			Semi-annual		
RU087910555=			Semi-annual		
RU092407845=			Semi-annual		
RU085476335=			Semi-annual		
DE062075988=			Quarterly		
DE062076011=			Quarterly		
IE099584556=			Semi-annual		
XS083702001=			Semi-annual		
XS097264511=			Semi-annual		
KZS083157143=			Semi-annual		
RU091860449=			Semi-annual		
RU045489736=			Semi-annual		
RU098102817=			Semi-annual		
RU095402461=			Semi-annual		
RU086358328=			Semi-annual		
RU023498715=			Semi-annual		
RU065291355=			Semi-annual		
RU035938133=			Semi-annual		
RU061890521=			Semi-annual		
RU080863861=			Semi-annual		
RU092033490=			Semi-annual		
RU092033503=			Semi-annual		
RU086343916=			Semi-annual		
RU103864607=			Annual		
RU095491251=			Annual		
RU097412618=			Semi-annual		
RU044234840=			Semi-annual		
RU030358341=			Annual		
RU044233029=			Annual		
RU022079093=			Annual		
RU056235418=			Semi-annual		
RU070881365=			Semi-annual		
RU027645631=			Semi-annual		
RU080558201=			Annual		
RU027645593=			Annual		
RU029058156=			Annual		
RU032723713=			Annual		
RU035728155=			Semi-annual		
RU042486094=			Semi-annual		
RU088573315=			Semi-annual		
RU090694600=			Annual		
RU070881381=			Semi-annual		
RU029058059=			Semi-annual		
RU080557035=			Semi-annual		
RU090694952=			Annual		
RU088573692=			Semi-annual		
RU019175472=			Semi-annual		
RU031652413=			Semi-annual		
RU099754486=			Semi-annual		
RU053127096=			Semi-annual		
RU080365250=			Annual		
RU023057794=			Semi-annual		
RU083326433=			Semi-annual		
RU088810031=			Semi-annual		
RU042651770=			Annual		
RU087798364=			Semi-annual		
RU078329122=			Semi-annual		
RU077921346=			Semi-annual		
RU080058225=			Annual		
RU084813770=			Semi-annual		
RU102602510=			Semi-annual		
IE104072658=			Semi-annual		
RU098710965=			Annual		
RU097532087=			Semi-annual		
RU092229688=			Annual		
RU083019271=			Semi-annual		
RU084665266=			Semi-annual		
RU030911431=			Annual		
RU027105050=			Multi-Frequency		
RU033731671=			Semi-annual		
RU064033476=			Semi-annual		
RU046366344=			Semi-annual		
RU030427394=			Semi-annual		
RU091950243=			Semi-annual		
RU046192656=			Semi-annual		
RU055465967=			Semi-annual		
RU030427459=			Semi-annual		
RU091950456=			Semi-annual		
RU024693716=			Semi-annual		
RU065096218=			Semi-annual		
RU091829738=			Semi-annual		
RU098286128=			Semi-annual		
RU092133150=			Semi-annual		
RU027177255=			Annual		
RU065508508=			Semi-annual		
RU051372387=			Semi-annual		
RU055783799=			Quarterly		
RU023846845=			Semi-annual		
RU080863284=			Semi-annual		
RU078393432=			Semi-annual		
RU050383962=			Semi-annual		
RU077612106=			Semi-annual		
RU094073022=			Semi-annual		
RU092311023=			Semi-annual		
RU092347281=			Semi-annual		
RU092213471=			Semi-annual		
RU058843679=			Semi-annual		
RU088587332=			Semi-annual		
RU058843326=			Semi-annual		
RU086438372=			Semi-annual		
RU030510585=			Semi-annual		
RU035912789=			Semi-annual		
RU088824512=			Semi-annual		
RU092230171=			Semi-annual		
RU055712859=			Semi-annual		
CW104221548=			Semi-annual		
RU046985605=			Semi-annual		
RU052465885=			Semi-annual		
RU077598421=			Semi-annual		
RU085167243=			Semi-annual		
RU077283528=			Semi-annual		
RU049408552=			Semi-annual		
RU049408609=			Semi-annual		
RU061678450=			Semi-annual		
RU093834178=			Semi-annual		
RU086979292=			Semi-annual		
IE099629754=			Semi-annual		
RU099629754=			Semi-annual		
VG094474248=			Semi-annual		
RU043356810=			Semi-annual		
RU088111923=			Semi-annual		
RU060563705=			Semi-annual		
RU074811400=			Semi-annual		
RU030099877=			Semi-annual		
RU079642622=			Semi-annual		
RU088473434=			Semi-annual		
RU036663090=			Semi-annual		
LU095523285=			Semi-annual		
RU095523285=			Semi-annual		
RU063288799=			Semi-annual		
RU097989192=			Semi-annual		
RU086198037=			Semi-annual		
RU086198118=			Semi-annual		
RU055307261=			Semi-annual		
RU088663128=			Semi-annual		
RU095332331=			Semi-annual		
RU023809150=			Semi-annual		
RU027572855=			Semi-annual		
RU080264895=			Semi-annual		
RU084167738=			Semi-annual		
RU049924518=			Semi-annual		
RU088572718=			Annual		
RU076425345=			Semi-annual		
RU088572700=			Annual		
RU091958198=			Annual		
RU076422001=			Semi-annual		
RU060901791=			Semi-annual		
RU104181511=			Annual		
RU025440528=			Semi-annual		
RU033738412=			Semi-annual		
RU103275016=			Semi-annual		
RU093531124=			Semi-annual		
RU052443571=			Semi-annual		
RU074932541=			Annual		
RU088256182=			Semi-annual		
RU074238041=			Semi-annual		
RU054395671=			Semi-annual		
RU089742757=			Semi-annual		
RU079935735=			Semi-annual		
RU063857297=			Semi-annual		
RU074359604=			Semi-annual		
RU084853097=			Semi-annual		
RU097321949=			Semi-annual		
RU064840258=			Semi-annual		
RU055131538=			Semi-annual		
RU084167100=			Semi-annual		
RU087885577=			Semi-annual		
RU022578596=			Semi-annual		
RU078324287=			Semi-annual		
RU078397292=			Quarterly		
RU055267987=			Semi-annual		
RU089996970=			Semi-annual		
RU105969732=			Semi-annual		
RU083019123=			Semi-annual		
RU080863691=			Semi-annual		
RU058521159=			Semi-annual		
RU091159970=			Semi-annual		
RU048420877=			Semi-annual		
RU026190673=			Semi-annual		
RU029253030=			Semi-annual		
RU032496393=			Semi-annual		
RU048420915=			Semi-annual		
RU031136997=			Semi-annual		
RU038143930=			Semi-annual		
RU094866677=			Semi-annual		
RU092288331=			Semi-annual		
RU100327376=			Semi-annual		
RU071900975=			Semi-annual		
RU055980012=			Semi-annual		
RU089320518=			Annual		
RU052461081=			Semi-annual		
RU080081707=			Semi-annual		
RU089321239=			Annual		
RU055991596=			Semi-annual		
RU099316217=			Semi-annual		
RU099316268=			Semi-annual		
RU063095087=			Semi-annual		
RU058703095=			Semi-annual		
RU025386183=			Semi-annual		
RU064317644=			Semi-annual		
RU088940202=			Semi-annual		
RU036104180=			Semi-annual		
RU088940105=			Semi-annual		
RU058703109=			Semi-annual		
RU064318322=			Semi-annual		
RU088940172=			Semi-annual		
RU030828780=			Semi-annual		
RU099327995=			Semi-annual		
LU093758439=			Not applicable		
RU063355739=			Semi-annual		
RU061647864=			Annual		
RU061421319=			Annual		
RU081973938=			Semi-annual		
RU083785004=			Semi-annual		
RU020221810=			Semi-annual		
RU049199813=			Semi-annual		
RU080734069=			Semi-annual		
RU023068311=			Semi-annual		
RU084744131=			Semi-annual		
RU069962971=			Annual		
RU024410528=			Annual		
RU062030844=			Annual		
RU082538330=			Annual		
RU077250948=			Semi-annual		
RU086356929=			Annual		
RU059279459=			Semi-annual		
RU036592397=			Semi-annual		
RU054863365=			Semi-annual		
RU084207853=			Semi-annual		
RU022371592=			Semi-annual		
RU081059683=			Semi-annual		
IT047367115=			Semi-annual		
LU043836226=			Semi-annual		
IT056306587=			Semi-annual		
BM092346536=			Semi-annual		
/RU25068RMFS=MM			Every 182 days		
/RU25071RMFS=MM			Every 182 days		
/RU25075RMFS=MM			Every 182 days		
/RU25077RMFS=MM			Every 182 days		
/RU25079RMFS=MM			Every 182 days		
/RU25080RMFS=MM			Every 182 days		
/RU25081RMFS=MM			Every 182 days		
/RU25082RMFS=MM			Every 182 days		
/RU26202RMFS=MM			Every 91 days		
/RU26203RMFS=MM			Every 182 days		
/RU26204RMFS=MM			Every 182 days		
/RU26205RMFS=MM			Every 182 days		
/RU26206RMFS=MM			Every 182 days		
/RU26207RMFS=MM			Every 182 days		
/RU26208RMFS=MM			Every 182 days		
/RU26209RMFS=MM			Every 182 days		
/RU26210RMFS=MM			Every 182 days		
/RU26211RMFS=MM			Every 182 days		
/RU26212RMFS=MM			Every 182 days		
/RU26214RMFS=MM			Every 182 days		
/RU26215RMFS=MM			Every 182 days		
/RU26216RMFS=MM			Every 182 days		
/RU46005RMFS=MM			Annual		
/RU46007RMFS=MM			Annual		
/RU46008RMFS=MM			Annual		
/RU46009RMFS=MM			Annual		
/RU46010RMFS=MM			Every 52 weeks		
/RU46011RMFS=MM			Every 52 weeks		
/RU46012RMFS=MM			Every 52 weeks		
/RU46014RMFS=MM			Every 182 days		
/RU46017RMFS=MM			Every 91 days		
/RU46018RMFS=MM			Every 91 days		
/RU46019RMFS=MM			Every 52 weeks		
/RU46020RMFS=MM			Multi-Frequency		
/RU46021RMFS=MM			Every 182 days		
/RU46022RMFS=MM			Multi-Frequency		
/RU46023RMFS=MM			Every 182 days		
/RU48001RMFS=MM			Every 52 weeks		
/RU000A0JQGW2=MM			Every 182 days		
/RU000A0JQ9U9=MM			Every 182 days		
/RU000A0JQL30=MM			Every 182 days		
/RU000A0JRBU5=MM			Every 182 days		
/RU000A0JR5F7=MM			Quarterly		
/RU000A0JU3G5=MM			Quarterly		
/RU000A0JS1A6=MM			Quarterly		
/RU000A0JTCV7=MM			Quarterly		
/RU000A0JUBT1=MM			Quarterly		
/RU000A0JPJE6=MM			Quarterly		
/RU000A0JPLU8=MM			Quarterly		
/RU000A0JQAG8=MM		20	Semi-annual	2.5	RUSSRR
/RU000A0JQAL8=MM		20	Semi-annual	2.5	RUSSRR
/RU000A0JQAM6=MM		20	Semi-annual	2.5	RUSSRR
/RU000A0JQXG0=MM			Quarterly		
/RU000A0JRDY3=MM			Quarterly		
/RU000A0JRF37=MM			Quarterly		
/RU000A0JU3J9=MM			Quarterly		
/RU000A0JS1B4=MM			Quarterly		
/RU000A0JTD52=MM			Quarterly		
/RU000A0JUC19=MM			Quarterly		
/RU000A0JR6S8=MM			Quarterly		
/RU000A0JS488=MM			Quarterly		
/RU000A0JS5S9=MM			Quarterly		
/RU000A0JRYW3=MM			Quarterly		
/RU000A0JTDX1=MM			Quarterly		
/RU000A0JTW83=MM			Quarterly		
/RU000A0JTZF1=MM			Quarterly		
/RU000A0JTYR9=MM			Quarterly		
/RU000A0JUKX4=MM			Quarterly		
/RU000A0GKNF2=MM			Quarterly		
/RU000A0JNPJ7=MM			Quarterly		
/RU000A0JNPK5=MM			Quarterly		
/RU000A0JP1V5=MM			Quarterly		
/RU000A0JU5T3=MM			Every 91 days		
/RU000A0JP8D8=MM			Quarterly		
/RU000A0JPN21=MM			Quarterly		
/RU000A0JPN39=MM			Quarterly		
/RU000A0JQ276=MM			Quarterly		
/RU000A0JQY35=MM					
/RU000A0JRMW8=MM			Quarterly		
/RU000A0JSGW8=MM			Quarterly		
/RU000A0JSKJ7=MM			Quarterly		
/RU000A0JT692=MM			Every 182 days		
/RU000A0JTRL6=MM			Every 182 days		
/RU000A0JU310=MM			Every 182 days		
/RU000A0JU2T0=MM			Semi-annual		
/RU000A0JQVK6=MM			Every 91 days		
/RU000A0JQX02=MM			Every 91 days		
/RU000A0JQXE5=MM			Every 91 days		
/RU000A0JQX10=MM			Every 91 days		
/RU000A0JTA48=MM			Every 91 days		
/RU000A0JTA55=MM			Every 91 days		
/RU000A0JTN43=MM			Semi-annual		
/RU000A0JRNJ3=MM			Every 182 days		
/RU000A0JTXR1=MM			Semi-annual		
/RU000A0JRXT1=MM			Semi-annual		
/RU000A0JS5N0=MM			Semi-annual		
/RU000A0JS2Q0=MM			Every 182 days		
/RU000A0JTTC1=MM			Every 182 days		
/RU000A0JTEM2=MM			Every 365 days		
/RU000A0JSL87=MM			Every 365 days		
/RU000A0JRHF3=MM			Every 182 days		
/RU000A0JRHG1=MM			Every 182 days		
/RU000A0JT5E8=MM			Every 182 days		
/RU000A0JTDU7=MM			Not applicable		
/RU000A0JR7S6=MM			Every 182 days		
/RU000A0JRZB4=MM			Every 182 days		
/RU000A0JT213=MM			Semi-annual		
/RU000A0JU849=MM			Semi-annual		
/RU000A0JSW35=MM			Multi-Frequency		
/RU000A0JTP41=MM			Semi-annual		
/RU000A0JQYU9=MM			Every 182 days		
/RU000A0JRJV6=MM			Every 182 days		
/RU000A0JRK22=MM			Every 182 days		
/RU000A0JTZH7=MM			Every 91 days		
/RU000A0JUJW8=MM			Every 182 days		
/RU000A0JSEU7=MM			Every 91 days		
/RU000A0JQZ59=MM			Annual		
/RU000A0JTKS6=MM			Every 182 days		
/RU000A0JRYJ0=MM			Every 182 days		
/RU000A0JP8V0=MM			Every 182 days		
/RU000A0JS7F2=MM			Every 183 days		
/RU000A0JU7X1=MM			Every 182 days		
/RU000A0JS116=MM			Semi-annual		
/RU000A0JU0N7=MM			Semi-annual		
/RU000A0JRZ74=MM			Semi-annual		
/RU000A0JUFP0=MM			Every 182 days		
/RU000A0JRKX0=MM			Every 182 days		
/RU000A0JR0W3=MM			Every 182 days		
/RU000A0JTJ07=MM			Every 182 days		
/RU000A0JU6B9=MM			Every 182 days		
/RU000A0JU7W3=MM			Every 91 days		
/RU000A0JTXP5=MM			Quarterly		
/RU000A0JTXQ3=MM			Quarterly		
/RU000A0JTY40=MM			Every 182 days		
/RU000A0JQ789=MM			Every 182 days		
/RU000A0JSVF2=MM			Every 182 days		
/RU000A0JRW36=MM			Semi-annual		
/RU000A0JS397=MM			Semi-annual		
/RU000A0JS3P0=MM			Semi-annual		
/RU000A0JRHD8=MM			Semi-annual		
/RU000A0JS6L2=MM			Semi-annual		
/RU000A0JTKK3=MM			Every 91 days		
/RU000A0JQNR8=MM			Every 182 days		
/RU000A0JQNS6=MM			Every 182 days		
/RU000A0JQNH9=MM			Every 182 days		
/RU000A0JS3U0=MM			Every 182 days		
/RU000A0JTM28=MM			Every 182 days		
/RU000A0JTM36=MM			Every 182 days		
/RU000A0JTM44=MM			Every 182 days		
/RU000A0JTM51=MM			Every 182 days		
/RU000A0JRYS1=MM			Every 182 days		
/RU000A0JTFV0=MM			Every 182 days		
/RU000A0JT3P9=MM			Every 182 days		
/RU000A0JPQY9=MM			Every 182 days		
/RU000A0JTHK9=MM			Every 91 days		
/RU000A0JTHL7=MM			Every 91 days		
/RU000A0JTU93=MM			Every 182 days		
/RU000A0JSAK6=MM			Every 182 days		
/RU000A0JU4W0=MM			Semi-annual		
/RU000A0JRVA5=MM			Semi-annual		
/RU000A0JT3Q7=MM			Semi-annual		
/RU000A0JTMY0=MM			Semi-annual		
/RU000A0JTVD5=MM			Semi-annual		
/RU000A0JTX33=MM			Every 182 days		
/RU000A0JTX41=MM			Every 182 days		
/RU000A0JTY24=MM			Every 182 days		
/RU000A0JUEH0=MM			Every 182 days		
/RU000A0JUD67=MM			Every 182 days		
/RU000A0JSPX7=MM			Semi-annual		
/RU000A0JRVQ1=MM			Every 182 days		
/RU000A0JS6M0=MM			Semi-annual		
/RU000A0JUJG1=MM			Quarterly		
/RU000A0JU0A4=MM			Every 182 days		
/RU000A0JTT62=MM			Quarterly		
/RU000A0JU4X8=MM			Every 182 days		
/RU000A0JRK55=MM			Every 182 days		
/RU000A0JTF43=MM			Every 182 days		
/RU000A0JRPJ8=MM			Every 182 days		
/RU000A0JU0B2=MM			Quarterly		
/RU000A0GKGF6=MM			Multi-Frequency		
/RU000A0JR050=MM			Every 91 days		
/RU000A0JR043=MM			Every 91 days		
/RU000A0JQH85=MM			Every 182 days		
/RU000A0JR0Q5=MM			Every 182 days		
/RU000A0JQ6D1=MM	0.2		Every 91 days	0	MPRIME3M
/RU000A0JR183=MM			Every 365 days		
/RU000A0JR191=MM			Every 365 days		
/RU000A0JR1A7=MM			Every 365 days		
/RU000A0JRHE6=MM			Annual		
/RU000A0JUD00=MM			Quarterly		
/RU000A0JUD34=MM			Quarterly		
/RU000A0JTFR8=MM			Every 182 days		
/RU000A0JQBM4=MM			Every 91 days		
/RU000A0JSXR3=MM			Every 91 days		
/RU000A0JRKW2=MM			Every 182 days		
/RU000A0JQWB3=MM			Every 182 days		
/RU000A0JQTD5=MM			Every 182 days		
/RU000A0JR3P1=MM			Every 182 days		
/RU000A0JQTQ7=MM			Every 182 days		
/RU000A0JR3Q9=MM			Every 182 days		
/RU000A0JRJW4=MM			Every 182 days		
/RU000A0JRJM5=MM			Every 182 days		
/RU000A0JS8Y1=MM			Every 182 days		
/RU000A0JS8Z8=MM			Every 182 days		
/RU000A0JS900=MM			Every 182 days		
/RU000A0JS8X3=MM			Every 182 days		
/RU000A0JQXQ9=MM			Every 182 days		
/RU000A0JR4Z8=MM			Every 182 days		
/RU000A0JR6N9=MM			Every 182 days		
/RU000A0JR6P4=MM			Every 182 days		
/RU000A0JRVM0=MM			Every 91 days		
/RU000A0JTHY0=MM			Quarterly		
/RU000A0JT9S0=MM			Every 182 days		
/RU000A0JTPG0=MM			Every 182 days		
/RU000A0JTT13=MM			Every 182 days		
/RU000A0JU6G8=MM			Every 182 days		
/RU000A0JTZG9=MM			Every 92 days		
/RU000A0JUDX9=MM			Every 182 days		
/RU000A0JTD37=MM			Not applicable		
/RU000A0JTH82=MM			Every 91 days		
/RU000A0JRTW3=MM			Every 182 days		
/RU000A0JS264=MM			Every 182 days		
/RU000A0JT3J2=MM			Every 91 days		
/RU000A0JR217=MM			Every 182 days		
/RU000A0JR3L0=MM			Every 182 days		
/RU000A0JS7H8=MM			Every 182 days		
/RU000A0JRL96=MM			Every 182 days		
/RU000A0JRUS9=MM			Every 182 days		
/RU000A0JRZK5=MM			Every 182 days		
/RU000A0JRMX6=MM			Every 182 days		
/RU000A0JT7T2=MM			Every 182 days		
/RU000A0JSQ58=MM	0.01		Multi-Frequency	-1	RUCPI1M
/RU000A0JTYJ6=MM	0.01		Multi-Frequency	-1	RUCPI1M
/RU000A0JTKA4=MM			Every 182 days		
/RU000A0JT2K2=MM			Every 182 days		
/RU000A0JU2K9=MM	0.01		Every 91 days	-1	RUCPI1M
/RU000A0JU2L7=MM	0.01		Every 91 days	-1	RUCPI1M
/RU000A0JTYK4=MM	0.01		Multi-Frequency	-1	RUCPI1M
/RU000A0JU7S1=MM			Every 91 days		
/RU000A0JUC92=MM	0.01		Multi-Frequency	-1	RUCPI1M
/RU000A0JUCA9=MM	0.01		Multi-Frequency	-1	RUCPI1M
/RU000A0JR1Y7=MM			Every 182 days		
/RU000A0JR1Z4=MM			Every 182 days		
/RU000A0JR209=MM			Every 182 days		
/RU000A0JR3M8=MM			Every 182 days		
/RU000A0JT7U0=MM			Every 182 days		
/RU000A0JUFK1=MM			Every 182 days		
/RU000A0JQFP8=MM			Every 91 days		
/RU000A0JU6S3=MM			Every 91 days		
/RU000A0JS8R5=MM			Every 182 days		
/RU000A0JU5Z0=MM			Semi-annual		
/RU000A0JS3V8=MM			Every 182 days		
/RU000A0JTKY4=MM			Every 182 days		
/RU000A0JTZ31=MM			Every 91 days		
/RU000A0JU8V3=MM			Every 182 days		
/RU000A0JUD42=MM			Semi-annual		
/RU000A0JRN86=MM			Semi-annual		
/RU000A0JRN78=MM			Semi-annual		
/RU000A0JTDW3=MM			Semi-annual		
/RU000A0JRFZ5=MM			Monthly		
/RU000A0JP518=MM			Every 182 days		
/RU000A0JTKB2=MM			Every 182 days		
/RU000A0JTKM9=MM			Every 182 days		
/RU000A0JU5S5=MM			Every 91 days		
/RU000A0JU609=MM			Every 91 days		
/RU000A0JR878=MM			Every 182 days		
/RU000A0JS3B0=MM			Every 182 days		
/RU000A0JTDY9=MM			Every 182 days		
/RU000A0JR852=MM			Every 182 days		
/RU000A0JR860=MM			Every 182 days		
/RU000A0JQ6T7=MM			Every 182 days		
/RU000A0JTNB6=MM			Every 182 days		
/RU000A0JTNC4=MM			Every 182 days		
/RU000A0JTND2=MM			Every 182 days		
/RU000A0JT6D8=MM			Every 182 days		
/RU000A0JT6G1=MM			Every 182 days		
/RU000A0JT6J5=MM			Every 182 days		
/RU000A0JT767=MM			Every 182 days		
/RU000A0JU1X4=MM			Semi-annual		
/RU000A0JU7Y9=MM			Semi-annual		
/RU000A0JSD38=MM			Every 182 days		
/RU000A0JRMP2=MM			Semi-annual		
/RU000A0JS322=MM			Semi-annual		
/RU000A0JS173=MM			Semi-annual		
/RU000A0JU807=MM			Every 182 days		
/RU000A0JR4U9=MM			Every 52 weeks		
/RU000A0JTFB2=MM			Every 52 weeks		
/RU000A0JTB96=MM			Every 52 weeks		
/RU000A0JRB31=MM			Every 182 days		
/RU000A0JQ6A7=MM			Every 91 days		
/RU000A0JQV12=MM			Every 91 days		
/RU000A0JTPN6=MM			Every 91 days		
/RU000A0JUAW7=MM			Multi-Frequency		
/RU000A0JS7J4=MM			Every 182 days		
/RU000A0JU8S9=MM			Every 182 days		
/RU000A0JU2J1=MM			Every 182 days		
/RU000A0JUH89=MM			Every 182 days		
/RU000A0JTHU8=MM			Quarterly		
/RU000A0JUG15=MM			Quarterly		
/RU000A0JTSV3=MM			Quarterly		
/RU000A0JUCP7=MM			Quarterly		
/RU000A0JTFA4=MM			Quarterly		
/RU000A0JTQF0=MM			Quarterly		
/RU000A0JTD45=MM			Quarterly		
/RU000A0JU0Y4=MM			Quarterly		
/RU000A0JQC15=MM			Quarterly		
/RU000A0JTG91=MM			Quarterly		
/RU000A0JUCX1=MM			Quarterly		
/RU000A0JTZ98=MM			Quarterly		
/RU000A0JUDD1=MM			Quarterly		
/RU000A0JSF02=MM			Quarterly		
/RU000A0JS215=MM			Quarterly		
/RU000A0JUEJ6=MM			Quarterly		
/RU000A0JTFT4=MM			Quarterly		
/RU000A0JUJE6=MM			Monthly		
/RU000A0JT387=MM			Every 182 days		
/RU000A0JU8X9=MM			Every 182 days		
/RU000A0JRMD8=MM			Every 92 days	0.75	MPRIME3M
/RU000A0JRVS7=MM			Every 92 days	1.45	MPRIME3M
/RU000A0JS1H1=MM			Annual		
/RU000A0JU7V5=MM			Every 182 days		
/RU000A0JUE66=MM			Semi-annual		
/RU000A0JS9U7=MM			Every 365 days		
/RU000A0JRWE5=MM			Every 182 days		
/RU000A0JU682=MM			Every 182 days		
/RU000A0JQ763=MM			Every 182 days		
/RU000A0JS6B3=MM			Every 183 days		
/RU000A0JT8E2=MM			Semi-annual		
/RU000A0JS6V1=MM			Every 183 days		
/RU000A0JU1A2=MM			Every 182 days		
/RU000A0JU559=MM			Every 182 days		
/RU000A0JU5B1=MM			Quarterly		
/RU000A0JTZN5=MM			Quarterly		
/RU000A0JU9Q1=MM			Quarterly		
/RU000A0JUA45=MM			Every 182 days		
/RU000A0JT3A1=MM			Every 182 days		
/RU000A0JR605=MM			Every 182 days		
/RU000A0JS8Q7=MM			Every 182 days		
/RU000A0JTT96=MM			Every 182 days		
/RU000A0JRFA8=MM			Every 182 days		
/RU000A0JQPQ5=MM			Every 182 days	4	RUSSRR
/RU000A0JS744=MM			Every 91 days		
/RU000A0JTW91=MM			Every 91 days		
/RU000A0JTZ56=MM			Every 90 days		
/RU000A0JRKP6=MM			Semi-annual		
/RU000A0JRJ09=MM			Every 182 days		
/RU000A0JS7E5=MM			Every 183 days		
/RU000A0JTW42=MM			Semi-annual		
/RU000A0JU5A3=MM			Semi-annual		
/RU000A0JREA1=MM			Every 182 days		
/RU000A0JRKN1=MM			Every 182 days		
/RU000A0JRFX0=MM			Every 182 days		
/RU000A0JUA94=MM			Every 91 days		
/RU000A0JTMR4=MM			Every 182 days		
/RU000A0JSRR5=MM			Every 182 days		
/RU000A0JSZM9=MM			Every 182 days		
/RU000A0JT8Z7=MM			Every 182 days		
/RU000A0JRN45=MM			Every 182 days		
/RU000A0JSAC3=MM			Every 52 weeks		
/RU000A0JTFX6=MM			Every 91 days		
/RU000A0JS785=MM			Every 182 days		
/RU000A0JTVA1=MM			Every 182 days		
/RU000A0JTR72=MM			Every 182 days		
/RU000A0JTR80=MM			Every 182 days		
/RU000A0JTQB9=MM			Every 182 days		
/RU000A0JQYJ2=MM			Every 182 days		
/RU000A0JU153=MM			Every 182 days		
/RU000A0JTZ64=MM			Every 182 days		
/RU000A0JPQA9=MM			Every 182 days		
/RU000A0JS0W2=MM			Semi-annual		
/RU000A0JTLJ3=MM			Every 182 days		
/RU000A0JTLL9=MM			Every 182 days		
/RU000A0JS6K4=MM			Every 183 days		
/RU000A0JT3S3=MM			Every 182 days		
/RU000A0JU575=MM			Every 182 days		
/RU000A0JSLP2=MM			Every 365 days		
/RU000A0JSLQ0=MM			Every 365 days		
/RU000A0JSLR8=MM			Every 365 days		
/RU000A0JPFF1=MM			Every 91 days		
/RU000A0JPW46=MM			Every 91 days		
/RU000A0JU9D9=MM			Semi-annual		
/RU000A0JUG56=MM			Every 182 days		
/RU000A0JQTF0=MM			Every 182 days		
/RU000A0JTF50=MM			Every 182 days		
/RU000A0JTPD7=MM			Every 182 days		
/RU000A0JQU70=MM			Every 182 days		
/RU000A0JT1F4=MM			Semi-annual		
/RU000A0JS7G0=MM			Semi-annual		
/RU000A0JRKG5=MM			Semi-annual		
/RU000A0JU8W1=MM			Semi-annual		
/RU000A0JU880=MM			Semi-annual		
/RU000A0JTDP7=MM			Every 182 days		
/RU000A0JRM87=MM			Every 182 days		
/RU000A0JRMZ1=MM			Every 182 days		
/RU000A0JT9D2=MM			Every 182 days		
/RU000A0JTMD4=MM			Every 182 days		
/RU000A0JT0U5=MM			Every 182 days		
/RU000A0JTYS7=MM			Every 182 days		
/RU000A0JTQJ2=MM			Every 182 days		
/RU000A0JT601=MM			Every 182 days		
/RU000A0JTG26=MM			Every 182 days		
/RU000A0JTKL1=MM			Every 182 days		
/RU000A0JQAR5=MM			Every 182 days		
/RU000A0JS5R1=MM			Every 182 days		
/RU000A0JS603=MM			Every 182 days		
/RU000A0JU1H7=MM			Semi-annual		
/RU000A0JU1J3=MM			Semi-annual		
/RU000A0JUAK2=MM			Semi-annual		
/RU000A0JUAL0=MM			Semi-annual		
/RU000A0JQ0E2=MM			Every 182 days		
/RU000A0JPTJ4=MM			Every 182 days		
/RU000A0JQ5E1=MM			Every 52 weeks		
/RU000A0JQ8Q9=MM			Every 52 weeks		
/RU000A0JR4H6=MM			Every 182 days		
/RU000A0JR4J2=MM			Every 182 days		
/RU000A0JTTA5=MM			Every 182 days		
/RU000A0JQ6C3=MM			Every 182 days		
/RU000A0JTXY7=MM			Every 182 days		
/RU000A0JTP09=MM			Every 182 days		
/RU000A0JR142=MM			Every 182 days		
/RU000A0JR159=MM			Every 182 days		
/RU000A0JT171=MM			Every 182 days		
/RU000A0JTT21=MM			Every 182 days		
/RU000A0JTT39=MM			Every 182 days		
/RU000A0JTY65=MM			Every 182 days		
/RU000A0JR0K8=MM			Every 182 days		
/RU000A0JR0J0=MM			Every 182 days		
/RU000A0JR8L9=MM			Every 182 days		
/RU000A0JR8P0=MM			Every 182 days		
/RU000A0JRJS2=MM			Every 182 days		
/RU000A0JRJT0=MM			Every 182 days		
/RU000A0JRJY0=MM			Every 182 days		
/RU000A0JQ8V9=MM			Every 91 days		
/RU000A0JS6G2=MM			Every 182 days		
/RU000A0JS6H0=MM			Every 182 days		
/RU000A0JS3R6=MM			Every 182 days		
/RU000A0JS6E7=MM			Every 182 days		
/RU000A0JS6F4=MM			Every 182 days		
/RU000A0JS6J6=MM			Every 182 days		
/RU000A0JRPK6=MM			Every 91 days		
/RU000A0JT4G6=MM			Every 182 days		
/RU000A0JTR98=MM			Every 182 days		
/RU000A0JTRA9=MM			Every 182 days		
/RU000A0JS9F8=MM			Every 183 days		
/RU000A0JS5B5=MM			Every 182 days		
/RU000A0JS5A7=MM			Every 182 days		
/RU000A0JS5L4=MM			Every 182 days		
/RU000A0JRNG9=MM			Semi-annual		
/RU000A0JTW00=MM			Every 182 days		
/RU000A0JU3U6=MM			Every 183 days		
/RU000A0JTKN7=MM			Every 182 days		
/RU000A0JSX91=MM			Every 182 days		
/RU000A0JS587=MM			Multi-Frequency		
/RU000A0JRNR6=MM			Every 182 days		
/RU000A0JTVK0=MM			Every 182 days		
/RU000A0JQY50=MM			Every 182 days		
/RU000A0GN9B5=MM			Every 182 days		
/RU000A0JQLM3=MM			Every 182 days		
/RU000A0JU7Q5=MM			Semi-annual		
/RU000A0JQ6E9=MM			Monthly		
/RU000A0JQ6F6=MM			Monthly		
/RU000A0JSZU2=MM			Every 182 days		
/RU000A0JTED1=MM			Every 182 days		
/RU000A0JU294=MM			Every 182 days		
/RU000A0JS1C2=MM			Every 182 days		
/RU000A0JS1D0=MM			Every 182 days		
/RU000A0JSY74=MM			Every 182 days		
/RU000A0JRW10=MM			Every 182 days		
/RU000A0JS7L0=MM			Every 182 days		
/RU000A0JQZT8=MM			Every 183 days		
/RU000A0JU6T1=MM			Semi-annual		
/RU000A0JTTG2=MM			Every 182 days		
/RU000A0JU7P7=MM			Every 182 days		
/RU000A0JT502=MM			Every 182 days		
/RU000A0JT536=MM			Every 182 days		
/RU000A0JT544=MM			Every 182 days		
/RU000A0JTU44=MM			Semi-annual		
/RU000A0JT486=MM			Semi-annual		
/RU000A0JQ5C5=MM			Not applicable		
/RU000A0JS4S2=MM			Every 182 days		
/RU000A0JS4T0=MM			Every 182 days		
/RU000A0JRGA6=MM			Every 182 days		
/RU000A0JRKU6=MM			Every 182 days		
/RU000A0JRKV4=MM			Every 182 days		
/RU000A0JU0U2=MM			Semi-annual		
/RU000A0JTS30=MM			Every 182 days		
/RU000A0JUKS4=MM			Every 182 days		
/RU000A0JUKT2=MM			Every 182 days		
/RU000A0JU1W6=MM			Every 182 days		
/RU000A0JTX74=MM			Every 91 days		
/RU000A0JS6Z2=MM			Every 183 days		
/RU000A0JQ748=MM			Every 182 days		
/RU000A0JRTX1=MM			Semi-annual		
/RU000A0JSQF2=MM			Semi-annual		
/RU000A0JTZT2=MM			Semi-annual		
/RU000A0JTPV9=MM			Every 182 days		
/RU000A0JTPX5=MM			Every 182 days		
/RU000A0JTPY3=MM			Every 182 days		
/RU000A0JQXS5=MM			Every 91 days		
/RU000A0JRL88=MM			Semi-annual		
/RU000A0JU1Y2=MM			Every 182 days		
/RU000A0JQKG7=MM			Every 91 days		
/RU000A0JTFU2=MM			Every 182 days		
/RU000A0JU7J0=MM			Every 182 days		
/RU000A0JU2F9=MM			Every 182 days		
/RU000A0JS3Q8=MM			Every 182 days		
/RU000A0JTX09=MM			Every 91 days		
/RU000A0JU2N3=MM			Every 91 days		
/RU000A0JRN37=MM			Every 182 days		
/RU000A0JRV86=MM			Every 182 days		
/RU000A0JRV94=MM			Every 182 days		
/RU000A0JUBD5=MM			Multi-Frequency		
/RU000A0JRA65=MM			Every 182 days		
/RU000A0JTV50=MM			Every 182 days		
/RU000A0JTV92=MM			Every 182 days		
/RU000A0JR8Q8=MM			Every 182 days		
/RU000A0JRKQ4=MM			Every 182 days		
/RU000A0JTG83=MM			Every 182 days		
/RU000A0JQC31=MM			Every 182 days		
/RU000A0JS777=MM			Every 182 days		
/RU000A0JRWB1=MM			Annual		
/RU000A0JT1E7=MM			Every 182 days		
/RU000A0JUHY8=MM			Quarterly		
/RU000A0JSTQ3=MM			Semi-annual		
/RU000A0JS4V6=MM			Every 182 days		
/RU000A0JSTP5=MM			Semi-annual		
/RU000A0JQM39=MM			Every 183 days		
/RU000A0JU872=MM			Every 183 days		
/RU000A0JRTQ5=MM			Every 91 days	0	RUSSRR
/RU000A0JRD47=MM			Every 182 days		
/RU000A0JT8N3=MM			Every 182 days		
/RU000A0JT8R4=MM			Every 182 days		
/RU000A0JT8T0=MM			Every 182 days		
/RU000A0JTER1=MM			Not applicable		
/RU000A0JU179=MM			Every 182 days		
/RU000A0JS1J7=MM			Every 52 weeks		
/RU000A0JSWU9=MM			Every 182 days		
/RU000A0JQY92=MM			Every 182 days		
/RU000A0JU3R2=MM			Every 182 days		
/RU000A0JU3S0=MM			Every 182 days		
/RU000A0JS1G3=MM			Annual		
/RU000A0JQMJ7=MM			Every 182 days		
/RU000A0JS413=MM			Every 182 days		
/RU000A0JS421=MM			Every 182 days		
/RU000A0JSXW3=MM			Semi-annual		
/RU000A0JSQP1=MM			Every 182 days		
/RU000A0JQPD3=MM			Every 52 weeks		
/RU000A0JRFS0=MM			Every 182 days		
/RU000A0JQVB5=MM			Every 182 days		
/RU000A0JQVG4=MM			Every 182 days		
/RU000A0JQVC3=MM			Every 182 days		
/RU000A0JQVD1=MM			Every 182 days		
/RU000A0JQVE9=MM			Every 182 days		
/RU000A0JQVF6=MM			Every 182 days		
/RU000A0JSWJ2=MM			Every 182 days		
/RU000A0JT1B3=MM			Every 182 days		
/RU000A0JTTV1=MM			Every 182 days		
/RU000A0JTN84=MM			Every 182 days		
/RU000A0JU6M6=MM			Every 182 days		
/RU000A0JTPE5=MM			Every 91 days		
/RU000A0JUDW1=MM			Every 182 days		
/RU000A0JU9X7=MM			Semi-annual		
/RU000A0JR6F5=MM			Every 182 days		
/RU000A0JRJR4=MM			Every 182 days		
/RU000A0JQH69=MM			Every 183 days		
/RU000A0JTTF4=MM			Semi-annual		
/RU000A0JRW85=MM			Semi-annual		
/RU000A0JSYR1=MM			Semi-annual		
/RU000A0JRW93=MM			Semi-annual		
/RU000A0JTQ32=MM			Semi-annual		
/RU000A0JUCM4=MM			Quarterly		
/RU000A0JRJN3=MM			Every 182 days		
/RU000A0JRJP8=MM			Every 182 days		
/RU000A0JRJQ6=MM			Every 182 days		
/RU000A0JS6S7=MM			Multi-Frequency	-1	RUCPI1M
/RU000A0JS6T5=MM			Multi-Frequency	-1	RUCPI1M
/RU000A0JRK63=MM			Every 91 days		
/RU000A0JT5L3=MM			Every 182 days		
/RU000A0JUAG0=MM			Every 182 days		
/RU000A0JQS09=MM			Every 182 days		
/RU000A0JQS74=MM			Every 182 days		
/RU000A0JRMB2=MM			Every 182 days		
/RU000A0JRMC0=MM			Every 182 days		
/RU000A0JRLE8=MM			Every 182 days		
/RU000A0JRVN8=MM			Every 182 days		
/RU000A0JS6N8=MM			Every 182 days		
/RU000A0JT7M7=MM			Every 182 days		
/RU000A0JT874=MM			Every 182 days		
/RU000A0JTVJ2=MM			Every 182 days		
/RU000A0JU1Q8=MM			Every 182 days		
/RU000A0JU6A1=MM			Every 182 days		
/RU000A0JUAD7=MM			Every 182 days		
/RU000A0JP2G4=MM			Every 182 days		
/RU000A0JPF47=MM			Every 182 days		
/RU000A0JQ1H3=MM			Every 182 days		
/RU000A0JPMT8=MM			Every 182 days		
/RU000A0JPTE5=MM			Every 182 days		
/RU000A0JQK64=MM			Every 182 days		
/RU000A0JQK72=MM			Every 182 days		
/RU000A0JS371=MM			Every 182 days		
/RU000A0JS3D6=MM			Every 182 days		
/RU000A0JSJZ5=MM			Every 5 years		
/RU000A0JS2T4=MM			Every 52 weeks		
/RU000A0JSXA9=MM			Every 52 weeks		
/RU000A0JTUG0=MM			Every 182 days		
/RU000A0JR9K9=MM			Every 182 days		
/RU000A0JRF11=MM			Every 182 days		
/RU000A0JU245=MM			Every 182 days		
/RU000A0JR498=MM			Every 182 days		
/RU000A0JU8A7=MM			Every 91 days		
/RU000A0JQ177=MM			Every 182 days		
/RU000A0JQ5Q5=MM			Every 182 days		
/RU000A0JQ4U0=MM			Every 182 days		
/RU000A0JQ6S9=MM			Every 182 days		
/RU000A0JQ656=MM			Every 182 days		
/RU000A0JQ7W9=MM			Every 182 days		
/RU000A0JQ7X7=MM			Every 182 days		
/RU000A0JQ7Z2=MM			Every 182 days		
/RU000A0JQRD9=MM			Every 182 days		
/RU000A0JTU85=MM			Every 182 days		
/RU000A0JUAH8=MM			Every 182 days		
/RU000A0JSGV0=MM			Multi-Frequency	2.1	RUCPI1M
/RU000A0JUCG6=MM			Multi-Frequency		
/RU000A0JU542=MM	0.01		Every 182 days	-1	RUCPI1M
/RU000A0JU7B7=MM	1		Every 182 days	-1	RUCPI1M
/RU000A0JU9M0=MM			Every 182 days	-1	RUCPI1M
/RU000A0JTY57=MM			Every 182 days		
/RU000A0JTZM7=MM			Every 182 days		
/RU000A0JU8T7=MM			Semi-annual		
/RU000A0JUKG9=MM			Every 182 days		
/RU000A0JU708=MM			Every 182 days		
/RU000A0JRK14=MM			Not applicable		
/RU000A0JQWD9=MM			Every 182 days		
/RU000A0JRUR1=MM			Every 182 days		
/RU000A0JU1P0=MM			Semi-annual		
/RU000A0JSJW2=MM			Semi-annual		
/RU000A0JRNW6=MM			Semi-annual		
/RU000A0JR548=MM			Every 182 days		
/RU000A0JQP28=MM			Every 182 days		
/RU000A0JU526=MM			Every 182 days		
/RU000A0JT825=MM			Every 183 days		
/RU000A0JTJG3=MM			Semi-annual		
/RU000A0JTKE6=MM			Semi-annual		
/RU000A0JU0E6=MM			Semi-annual		
/RU000A0JUGH5=MM			Quarterly		
/RU000A0JR472=MM			Every 182 days		
/RU000A0JQAK0=MM			Every 183 days		
/RU000A0JQX36=MM			Every 183 days		
/RU000A0JTYN8=MM			Every 182 days		
/RU000A0JT940=MM			Every 182 days		
/RU000A0JT965=MM			Every 182 days		
/RU000A0JTYL2=MM			Every 182 days		
/RU000A0JTS06=MM			Every 182 days		
/RU000A0JTS22=MM			Every 182 days		
/RU000A0JTYM0=MM			Every 182 days		
/RU000A0JUFU0=MM			Every 182 days		
/RU000A0JUCS1=MM			Every 182 days		
/RU000A0JUCR3=MM			Every 182 days		
/RU000A0JUFV8=MM			Every 182 days		
/RU000A0JTR15=MM			Every 182 days		
/RU000A0JTKD8=MM			Every 182 days		
/RU000A0JTAQ1=MM			Every 182 days		
/RU000A0JTKC0=MM			Every 182 days		
/RU000A0JTYT5=MM			Every 182 days		
/RU000A0JS7N6=MM			Semi-annual		
/RU000A0JRVZ2=MM			Every 182 days		
/RU000A0JS5P5=MM			Every 182 days		
/RU000A0JTPJ4=MM			Semi-annual		
/RU000A0JTPL0=MM			Semi-annual		
/RU000A0JRFN1=MM			Every 182 days		
/RU000A0JRFP6=MM			Every 182 days		
/RU000A0JTMG7=MM			Every 182 days		
/RU000A0JTMK9=MM			Every 182 days		
/RU000A0JR1G4=MM			Every 182 days		
/RU000A0JR1H2=MM			Every 182 days		
/RU000A0JRL70=MM			Semi-annual		
/RU000A0JR4G8=MM			Every 182 days		
/RU000A0JR4K0=MM			Every 182 days		
/RU000A0JS4U8=MM			Semi-annual		
/RU000A0JTVN4=MM			Semi-annual		
/RU000A0JTA89=MM			Semi-annual		
/RU000A0JU6U9=MM			Every 182 days		
/RU000A0JU195=MM			Every 182 days		
/RU000A0JS9W3=MM			Every 182 days		
/RU000A0JTQ16=MM			Every 182 days		
/RU000A0JQFU8=MM			Every 182 days		
/RU000A0JQFZ7=MM			Every 182 days		
/RU000A0JRM04=MM			Every 182 days		
/RU000A0JU583=MM			Every 182 days		
/RU000A0JS8M6=MM			Every 182 days		
/RU000A0JTZ49=MM			Every 183 days		
/RU000A0JU278=MM			Every 52 weeks		
/RU000A0JTHF9=MM			Every 52 weeks		
/RU000A0JU7N2=MM			Every 182 days		
/RU000A0JRKC4=MM			Every 182 days		
/RU000A0JRKD2=MM			Every 182 days		
/RU000A0JRKM3=MM			Every 182 days		
/RU000A0JS3M7=MM			Every 182 days		
/RU000A0JS3L9=MM			Every 182 days		
/RU000A0JRVU3=MM			Every 182 days		
/RU000A0JS7D7=MM			Every 182 days		
/RU000A0JTNX0=MM			Every 182 days		
/RU000A0JTNY8=MM			Every 182 days		
/RU000A0JTNZ5=MM			Every 182 days		
/RU000A0JQXR7=MM			Every 182 days		
/RU000A0JU336=MM			Every 182 days		
/RU000A0JRU20=MM			Every 182 days		
/RU000A0JRU46=MM			Every 182 days		
/RU000A0JP9N5=MM			Russia Semi-annual		
/RU000A0JPP60=MM			Every 182 days		
/RU000A0JU716=MM			Every 182 days		
/RU000A0JQA82=MM			Every 182 days		
/RU000A0JS8U9=MM			Every 182 days		
/RU000A0JUFL9=MM			Every 182 days		
/RU000A0JRG44=MM			Every 182 days		
/RU000A0JQWE7=MM			Every 182 days		
/RU000A0JRN11=MM			Semi-annual		
/RU000A0JRN29=MM			Semi-annual		
/RU000A0JU7G6=MM			Semi-annual		
/RU000A0JTW75=MM			Semi-annual		
/RU000A0JS1F5=MM			Every 182 days		
/RU000A0JS793=MM			Every 182 days		
/RU000A0JS710=MM			Every 182 days		
/RU000A0JT9Y8=MM			Semi-annual		
/RU000A0JSQK2=MM			Every 182 days		
/RU000A0JTYW9=MM			Every 182 days		
/RU000A0JRK48=MM			Every 182 days		
/RU000A0JU732=MM			Every 182 days		
/RU000A0JU7L6=MM			Every 182 days		
/RU000A0JQ722=MM			Every 182 days		
/RU000A0JS1W0=MM			Every 182 days		
/RU000A0JS470=MM			Every 182 days		
/RU000A0JR2S7=MM			Every 182 days		
/RU000A0JR0E1=MM			Every 182 days		
/RU000A0JQZB6=MM			Every 182 days		
/RU000A0JRKY8=MM			Every 182 days		
/RU000A0JRKZ5=MM			Every 182 days		
/RU000A0JRAH4=MM			Every 182 days		
/RU000A0JTFC0=MM			Every 182 days		
/RU000A0JTYQ1=MM			Every 182 days		
/RU000A0JUCY9=MM			Every 182 days		
/RU000A0JU930=MM			Every 91 days		
/RU000A0JS3X4=MM			Every 182 days		
/RU000A0JU5G0=MM			Every 182 days		
/RU000A0JRY75=MM			Every 182 days		
/RU000A0JS6D9=MM			Every 182 days		
/RU000A0JT5M1=MM			Every 182 days		
/RU000A0JTLE4=MM			Every 182 days		
/RU000A0JQGU6=MM			Every 182 days		
/RU000A0JU5M8=MM			Every 182 days		
/RU000A0JR2E7=MM			Every 182 days		
/RU000A0JTXT7=MM			Every 182 days		
/RU000A0JS728=MM			Every 182 days		
/RU000A0JR5B6=MM			Every 182 days		
/RU000A0JQ4X4=MM			Every 182 days		
/RU000A0JQM47=MM			Every 182 days		
/RU000A0JQM54=MM			Every 182 days		
/RU000A0JQMA6=MM			Every 182 days		
/RU000A0JQMC2=MM			Every 182 days		
/RU000A0JQM96=MM			Every 182 days		
/RU000A0JQME8=MM			Every 182 days		
/RU000A0JQM88=MM			Every 182 days		
/RU000A0JQMD0=MM			Every 182 days		
/RU000A0JRJ17=MM			Every 182 days		
/RU000A0JRJ25=MM			Every 182 days		
/RU000A0JRJ33=MM			Every 182 days		
/RU000A0JRQG2=MM			Every 182 days		
/RU000A0JRWG0=MM			Every 182 days		
/RU000A0JRXR5=MM			Every 182 days		
/RU000A0JU0P2=MM			Every 182 days		
/RU000A0JU0Q0=MM			Every 182 days		
/RU000A0JU0R8=MM			Every 182 days		
/RU000A0JU8Z4=MM			Every 182 days		
/RU000A0JU9E7=MM			Every 182 days		
/RU000A0JU9F4=MM			Every 182 days		
/RU000A0JSPY5=MM			Every 182 days		
/RU000A0JR837=MM			Every 182 days		
/RU000A0JT130=MM			Every 182 days		
/RU000A0JT122=MM			Every 182 days		
/RU000A0JT981=MM			Every 182 days		
/RU000A0JRQR9=MM			Every 182 days		
/RU000A0JRQS7=MM			Every 182 days		
/RU000A0JSVP1=MM			Every 182 days		
/RU000A0JTDJ0=MM			Every 182 days		
/RU000A0JUGC6=MM			Every 182 days		
/RU000A0JUGE2=MM			Every 182 days		
/RU000A0JS4W4=MM			Every 182 days		
/RU000A0JQLH3=MM			Every 182 days		
/RU000A0JQWJ6=MM			Every 182 days		
/RU000A0JTKJ5=MM			Every 182 days		
/RU000A0JQ5G6=MM			Every 52 weeks		
/RU000A0JQDV1=MM			Every 52 weeks		
/RU000A0JQCR1=MM			Every 52 weeks		
/RU000A0JTGS4=MM			Every 182 days		
/RU000A0JTGT2=MM			Every 182 days		
/RU000A0JQNP2=MM			Every 91 days		
/RU000A0JTSH2=MM			Every 182 days		
/RU000A0JQ6R1=MM			Every 182 days		
/RU000A0JRK89=MM			Every 182 days		
/RU000A0JS702=MM			Every 182 days		
/RU000A0JTSG4=MM			Every 182 days		
/RU000A0JRK97=MM			Every 182 days		
/RU000A0JT2N6=MM			Every 182 days		
/RU000A0JU5N6=MM			Semi-annual		
/RU000A0JS6P3=MM			Every 52 weeks		
/RU000A0JUD59=MM			Every 182 days		
/RU000A0JUCE1=MM			Every 91 days		
/RU000A0JTZ80=MM			Every 91 days		
/RU000A0JTZA2=MM			Every 91 days		
/RU000A0JTZB0=MM			Every 91 days		
/RU000A0JS0E0=MM			Every 182 days		
/RU000A0JT9F7=MM			Every 182 days		
/RU000A0JRSK0=MM			Every 182 days		
/RU000A0JS4H5=MM			Every 182 days		
/RU000A0JS4X2=MM			Every 182 days		
/RU000A0JT8V6=MM			Every 182 days		
/RU000A0JTMN3=MM			Every 182 days		
/RU000A0JTMP8=MM			Every 182 days		
/RU000A0JTP33=MM			Every 182 days		
/RU000A0JTP58=MM			Every 182 days		
/RU000A0JR4F0=MM			Every 182 days		
/RU000A0JR0R3=MM			Every 182 days		
/RU000A0JUAJ4=MM			Every 182 days		
/RU000A0JUH97=MM			Every 182 days		
/RU000A0JS9X1=MM			Every 182 days		
/RU000A0JU9K4=MM			Multi-Frequency		
/RU000A0JUBH6=MM			Multi-Frequency		
/RU000A0JTVT1=MM			Every 91 days		
/RU000A0JTSP5=MM			Every 91 days		
/RU000A0JS2K3=MM			Every 91 days		
/RU000A0JRLL3=MM			Every 91 days		
/RU000A0JS3E4=MM			Every 91 days		
/RU000A0JS3N5=MM			Every 91 days		
/RU000A0JS7A3=MM			Every 91 days		
/RU000A0JS3Z9=MM			Every 91 days		
/RU000A0JS561=MM			Every 182 days		
/RU000A0JSW84=MM			Every 182 days		
/RU000A0JTGH7=MM			Every 91 days		
/RU000A0JTGJ3=MM			Every 91 days		
/RU000A0JTVE3=MM			Every 182 days		
/RU000A0JU0S6=MM			Every 182 days		
/RU000A0JU0T4=MM			Every 182 days		
/RU000A0JR647=MM			Every 182 days		
/RU000A0JR9E2=MM			Every 182 days		
/RU000A0JRTS1=MM			Every 182 days		
/RU000A0JRTT9=MM			Every 182 days		
/RU000A0JRN60=MM			Every 91 days		
/RU000A0JTBM8=MM			Every 91 days		
/RU000A0JS8P9=MM			Every 91 days		
/RU000A0JS7B1=MM			Every 91 days		
/RU000A0JS7C9=MM			Every 91 days		
/RU000A0JS8N4=MM			Every 91 days		
/RU000A0JTBH8=MM			Every 91 days		
/RU000A0JRTN2=MM			Every 182 days		
/RU000A0JT403=MM			Every 182 days		
/RU000A0JS3Y2=MM			Every 182 days		
/RU000A0JT6B2=MM			Every 182 days		
/RU000A0JTMJ1=MM			Every 182 days		
/RU000A0JS4Z7=MM			Every 182 days		
/RU000A0JR3H8=MM			Every 182 days		
/RU000A0JR3G0=MM			Every 182 days		
/RU000A0JRCX7=MM			Every 182 days		
/RU000A0JU0X6=MM			Every 91 days		
/RU000A0JTGU0=MM			Every 182 days		
/RU000A0JREW5=MM			Every 182 days		
/RU000A0JREX3=MM			Every 182 days		
/RU000A0JREZ8=MM			Every 182 days		
/RU000A0JS389=MM			Every 182 days		
/RU000A0JRUY7=MM			Every 182 days		
/RU000A0JRV52=MM			Every 182 days		
/RU000A0JT7N5=MM			Every 182 days		
/RU000A0JT7P0=MM			Every 182 days		
/RU000A0JTYG2=MM			Every 182 days		
/RU000A0JTYD9=MM			Every 182 days		
/RU000A0JTYF4=MM			Every 182 days		
/RU000A0JTQS3=MM			Every 182 days		
/RU000A0JTQU9=MM			Every 182 days		
/RU000A0JUEE7=MM			Every 182 days		
/RU000A0JSAV3=MM			Every 182 days		
/RU000A0JUFE4=MM			Every 182 days		
/RU000A0JUFF1=MM			Every 182 days		
/RU000A0JUFG9=MM			Every 182 days		
/RU000A0JUFH7=MM			Every 182 days		
/RU000A0JSAZ4=MM			Every 182 days		
/RU000A0JSB06=MM			Every 182 days		
/RU000A0JSB14=MM			Every 182 days		
/RU000A0JTYE7=MM			Every 182 days		
/RU000A0JU9S7=MM			Every 182 days		
/RU000A0JU9T5=MM			Every 182 days		
/RU000A0JU146=MM			Every 182 days		
/RU000A0JQ7N8=MM			Every 182 days		
/RU000A0JR357=MM			Every 182 days		
/RU000A0JR381=MM			Every 182 days		
/RU000A0JQ5N2=MM			Every 182 days		
/RU000A0JTZR6=MM			Every 182 days		
/RU000A0JQMG3=MM			Every 91 days		
/RU000A0JSZF3=MM			Quarterly		
/RU000A0JSZG1=MM			Quarterly		
/RU000A0JRSW5=MM			Quarterly		
/RU000A0JRSX3=MM			Quarterly		
/RU000A0JUCH4=MM			Quarterly		
/RU000A0JUCJ0=MM			Quarterly		
/RU000A0JNGU3=MM			Every 91 days		
/RU000A0JT3C7=MM			Every 91 days		
/RU000A0JT3E3=MM			Every 91 days		
/RU000A0JTK20=MM			Every 91 days		
/RU000A0JTN01=MM			Every 91 days		
/RU000A0JS1M1=MM			Every 91 days		
/RU000A0JS1P4=MM			Every 91 days		
/RU000A0JS1T6=MM			Every 91 days		
/RU000A0JS1U4=MM			Every 91 days		
/RU000A0JSX00=MM			Every 91 days		
/RU000A0JU773=MM			Every 91 days		
/RU000A0JU617=MM			Every 182 days		
/RU000A0JUGQ6=MM			Every 182 days		
/RU000A0JUF81=MM			Quarterly		
/RU000A0JSSJ0=MM			Every 182 days		
/RU000A0JS959=MM			Every 182 days		
/RU000A0JUDL4=MM			Every 182 days		
/RU000A0JU7A9=MM			Every 182 days		
/RU000A0JTF27=MM			Every 182 days		
/RU000A0JPGR4=MM			Every 91 days		
/RU000A0JPWF6=MM			Every 91 days		
/RU000A0JPZ84=MM			Every 91 days		
/RU000A0JQ672=MM			Every 91 days		
/RU000A0JQMB4=MM			Every 91 days		
/RU000A0JUC27=MM			Quarterly		
/RU000A0JQZ67=MM			Every 91 days		
/RU000A0JQZ75=MM			Every 91 days		
/RU000A0JTWT9=MM			Every 91 days		
/RU000A0JTW26=MM			Every 182 days		
/RU000A0JTW34=MM			Every 182 days		
/RU000A0JUAT3=MM			Every 182 days		
/RU000A0JS1S8=MM			Every 52 weeks		
/RU000A0JS5E9=MM			Every 182 days		
/RU000A0JS5M2=MM			Every 182 days		
/RU000A0JS5F6=MM			Every 182 days		
/RU000A0JU6K0=MM			Every 91 days		
/RU000A0JTG75=MM			Every 182 days		
/RU000A0JUD83=MM			Every 91 days		
/RU000A0JT8X2=MM			Semi-annual		
/RU000A0JR5V4=MM			Every 182 days		
/RU000A0JRJC6=MM			Annual	-1	RUCPI1M
/RU000A0JT593=MM			Multi-Frequency		
/RU000A0JRTB7=MM			Every 182 days		
/RU000A0JSS64=MM			Every 91 days		
/RU000A0JTT47=MM			Monthly		
/RU000A0JUHV4=MM			Every 182 days		
/RU000A0JPBN4=MM			Every 182 days		
/RU000A0JQ664=MM			Every 182 days		
/RU000A0JTGC8=MM			Every 182 days		
/RU000A0JTGK1=MM			Every 91 days		
/RU000A0JT9G5=MM			Every 91 days		
/RU000A0JQ5R3=MM			Every 182 days		
/RU000A0JQTP9=MM			Every 182 days		
/RU000A0JRKL5=MM			Every 182 days		
/RU000A0JSS72=MM			Every 182 days		
/RU000A0JTPS5=MM			Every 182 days		
/RU000A0JRJB8=MM			Every 182 days		
/RU000A0JRJL7=MM			Every 182 days		
/RU000A0JS4J1=MM			Every 182 days		
/RU000A0JS4K9=MM			Every 182 days		
/RU000A0JS4L7=MM			Every 182 days		
/RU000A0JS298=MM			Every 182 days		
/RU000A0JSZK3=MM			Every 182 days		
/RU000A0JQ607=MM			Every 182 days		
/RU000A0JU948=MM			Every 182 days		
/RU000A0JQ565=MM			Every 182 days		
/RU000A0DASA0=MM			Semi-annual		
/RU000A0E6TK0=MM			Semi-annual		
/RU000A0JNYN1=MM			Semi-annual		
/RU000A0JNYP6=MM			Semi-annual		
/RU000A0JPZ35=MM			Semi-annual		
/RU000A0JPZ50=MM			Semi-annual		
/RU000A0JPZ68=MM			Semi-annual		
/RU000A0JQ5L6=MM			Quarterly		
/RU000A0JQHJ7=MM			Semi-annual		
/RU000A0JQHN9=MM			Semi-annual		
/RU000A0JQHM1=MM			Quarterly		
/RU000A0JTXW1=MM			Every 182 days		
/RU000A0JU5V9=MM			Every 182 days		
/RU000A0JU5W7=MM			Every 182 days		
/RU000A0JU5X5=MM			Every 182 days		
/RU000A0JTDR3=MM			Every 91 days		
/RU000A0JU674=MM			Every 91 days		
/RU000A0JU286=MM			Every 91 days		
/RU000A0JSRL8=MM			Every 91 days		
/RU000A0JSFK5=MM			Multi-Frequency		
/RU000A0JTYB3=MM			Multi-Frequency		
/RU000A0JRJX2=MM			Multi-Frequency		
/RU000A0JRHN7=MM			Every 91 days		
/RU000A0JT7L9=MM			Multi-Frequency		
/RU000A0JU1V8=MM			Multi-Frequency		
/RU000A0JRYA9=MM			Multi-Frequency		
/RU000A0JQX51=MM			Every 91 days		
/RU000A0JS249=MM			Every 91 days		
/RU000A0JR688=MM			Every 91 days		
/RU000A0JUAZ0=MM			Every 91 days		
/RU000A0JSQR7=MM			Multi-Frequency		
/RU000A0JU8R1=MM			Every 91 days		
/RU000A0JS0N1=MM			Semi-annual		
/RU000A0GKKB7=MM			Multi-Frequency		
/RU000A0JR3B1=MM			Semi-annual		
/RU000A0JU6N4=MM			Multi-Frequency		
/RU000A0JRWS5=MM			Every 91 days		
/RU000A0JR225=MM			Multi-Frequency		
/RU000A0JRVV1=MM			Every 182 days		
/RU000A0JTBA3=MM			Every 91 days		
/RU000A0JT8G7=MM			Every 182 days		
/RU000A0JU5U1=MM			Every 182 days		
/RU000A0JRYP7=MM			Every 182 days		
/RU000A0DH708=MM			Every 182 days		
/RU000A0JS8T1=MM			Every 182 days		
/RU000A0JTVZ8=MM			Every 91 days		
/RU000A0JT361=MM			Multi-Frequency		
/RU000A0JU8Q3=MM			Every 91 days		
/RU000A0JSVD7=MM			Every 182 days		
/RU000A0JRWA3=MM			Every 182 days		
/RU000A0JR2H0=MM			Every 182 days		
/RU000A0JU3B6=MM			Every 182 days		
/RU000A0JSY25=MM			Every 91 days		
/RU000A0JU1T2=MM			Multi-Frequency		
/RU000A0JU963=MM			Every 91 days		
/RU000A0JU7H4=MM			Multi-Frequency		
/RU000A0JTZK1=MM			Every 91 days		
/RU000A0JTGE4=MM			Every 91 days		
/RU000A0JTVM6=MM			Every 91 days		
/RU000A0JTGF1=MM			Every 91 days		
/RU000A0JR5G5=MM			Every 182 days		
/RU000A0JR4V7=MM			Every 182 days		
/RU000A0JTDL6=MM			Every 182 days		
/RU000A0JS9J0=MM			Every 91 days		
/RU000A0JU2H5=MM			Every 91 days		
/RU000A0JRJF9=MM			Every 91 days		
/RU000A0JU7R3=MM			Every 91 days		
/RU000A0JU9G2=MM			Multi-Frequency		
/RU000A0JTFZ1=MM			Every 91 days		
/RU000A0JTDZ6=MM			Every 91 days		
/RU000A0JS009=MM			Multi-Frequency		
/RU000A0JTDV5=MM			Every 91 days		
/RU000A0JUCZ6=MM			Every 91 days		
/RU000A0JQX85=MM			Every 91 days		
/RU000A0JTGD6=MM			Quarterly		
/RU000A0JUAC9=MM			Every 91 days		
/RU000A0JT1G2=MM			Multi-Frequency		
/RU000A0JR639=MM			Every 91 days		
/RU000A0JQN04=MM			Every 91 days		
/RU000A0JUAX5=MM			Every 91 days		
/RU000A0JTGN5=MM			Every 91 days		
/RU000A0JRY67=MM			Every 182 days		
/RU000A0JU740=MM			Every 182 days		
/RU000A0JTF76=MM			Every 182 days		
/RU000A0JR530=MM			Semi-annual		
/RU000A0JSVC9=MM			Every 91 days		
/RU000A0JU6P9=MM			Every 91 days		
/RU000A0JR6K5=MM			Every 91 days		
/RU000A0JS7P1=MM			Every 91 days		
/RU000A0JTXF6=MM			Every 91 days		
/RU000A0JRGR0=MM			Every 182 days		
/RU000A0JQWF4=MM			Every 182 days		
/RU000A0JS1E8=MM			Every 91 days		
/RU000A0JTF68=MM			Every 91 days		
/RU000A0JTG34=MM			Multi-Frequency		
/RU000A0JU823=MM			Russia Quarterly		
/RU000A0JRHB2=MM			Multi-Frequency		
/RU000A0JS850=MM			Every 91 days		
/RU000A0JSU45=MM			Every 91 days		
/RU000A0JU0W8=MM			Every 91 days		
RU050495418=			Semi-annual		
RU076746982=			Semi-annual		
RU056408754=			Semi-annual		
RU008937524=			Semi-annual		
RU097172137=			Semi-annual		
RU050495434=			Semi-annual		
RU097172234=			Annual		
RU076747245=			Semi-annual		
RU097172145=			Semi-annual		
RU008854319=			Semi-annual		
RU011428878=			Semi-annual		
RU076747385=			Semi-annual		
SBERHDR2	#N/A	#N/A	#N/A	#N/A	#N/A
SBER	#N/A	#N/A	#N/A	#N/A	#N/A
XS0556885753=SBER			Semi-annual		
XS0506527851=SBER			Semi-annual		
XS0441261921=SBER			Semi-annual		
XS0373642585=SBER			Semi-annual		
XS0373641009=SBER			Semi-annual		
XS0799658637=SBER			Semi-annual		
XS0546214007=SBER			Semi-annual		
XS0253694755=SBER			Semi-annual		
XS0583616239=SBER			Semi-annual		
US1MT=TWEB			Not applicable		
US3MT=TWEB			Not applicable		
US6MT=TWEB			Not applicable		
US1YT=TWEB			Not applicable		
US2YT=TWEB			Semi-annual		
US3YT=TWEB			Semi-annual		
US5YT=TWEB			Semi-annual		
US7YT=TWEB			Semi-annual		
US10YT=TWEB	#N/A	#N/A	#N/A	#N/A	#N/A
US30YT=TWEB	#N/A	#N/A	#N/A	#N/A	#N/A
RU056389806=			Semi-annual		
GB1MT=RR			Not applicable		
GB3MT=RR			Not applicable		
GB6MT=RR			Not applicable		
GB1YT=RR			Semi-annual		
GB2YT=RR			Semi-annual		
GB3YT=RR			Semi-annual		
GB4YT=RR			Semi-annual		
GB5YT=RR			Semi-annual		
GB6YT=RR			Semi-annual		
GB7YT=RR			Semi-annual		
GB8YT=RR			Semi-annual		
GB9YT=RR			Semi-annual		
GB10YT=RR			Semi-annual		
GB15YT=RR			Semi-annual		
GB20YT=RR			Semi-annual		
GB25YT=RR			Semi-annual		
GB30YT=RR			Semi-annual		
GB40YT=RR			Semi-annual		
EU1MT=RR			Not applicable		
EU3MT=RR			Not applicable		
EU6MT=RR			Not applicable		
EU9MT=RR			Not applicable		
EU1YT=RR			Not applicable		
EU2YT=RR			Annual		
EU3YT=RR			Annual		
EU4YT=RR			Annual		
EU5YT=RR			Annual		
EU6YT=RR			Annual		
EU7YT=RR			Annual		
EU8YT=RR			Annual		
EU9YT=RR			Annual		
EU10YT=RR			Annual		
EU15YT=RR			Annual		
EU20YT=RR			Annual		
EU30YT=RR			Annual		
CN1YT=RR			Not applicable		
CN2YT=RR			Annual		
CN3YT=RR			Annual		
CN5YT=RR			Annual		
CN7YT=RR			Annual		
CN10YT=RR			Semi-annual		
CN15YT=RR			Semi-annual		
CN20YT=RR			Semi-annual		
JP1MT=RR			Annual		
JP3MT=RR			Annual		
JP6MT=RR			Annual		
JP9MT=RR			Annual		
JP1YT=RR			Semi-annual		
JP2YT=RR			Semi-annual		
JP3YT=RR			Semi-annual		
JP4YT=RR			Semi-annual		
JP5YT=RR			Semi-annual		
JP6YT=RR			Semi-annual		
JP7YT=RR			Semi-annual		
JP8YT=RR			Semi-annual		
JP9YT=RR			Semi-annual		
JP10YT=RR			Semi-annual		
JP15YT=RR			Semi-annual		
JP20YT=RR			Semi-annual		
JP30YT=RR			Semi-annual		
BR1YG=RR			Semi-annual		
BR4YG=RR			Semi-annual		
BR5YG=RR			Semi-annual		
BR10YG=RR			Semi-annual		
BR20YG=RR			Semi-annual		
PA1YG=RR			Semi-annual		
PA9YG=RR			Semi-annual		
PA15YG=RR			Semi-annual		
PA20YG=RR			Semi-annual		
CO1YG=RR			Semi-annual		
CO3YG=RR			Semi-annual		
CO5YG=RR			Semi-annual		
CO8YG=RR			Semi-annual		
CO20YG=RR			Semi-annual		
CO104043208=			Not applicable		
CO086119366=			Not applicable		
CO093128958=			Semi-annual		
CO010836387=			Semi-annual		
CO010878659=			Semi-annual		
CO021327212=			Annual		
CO106538212=			Semi-annual		
CO063268429=			Semi-annual		
CO050225844=			Annual		
CO020148454=			Semi-annual		
CO018437384=			Semi-annual		
CO026291593=			Semi-annual		
CO056301739=			Semi-annual		
CO007401060=			Semi-annual		
CO028471084=			Semi-annual		
CO074078729=			Semi-annual		
CO031324670=			Annual		
CO088098277=			Semi-annual		
CO083459972=			Semi-annual		
CO016187933=			Semi-annual		
CO013491160=			Semi-annual		
CO076227969=			Semi-annual		
CO062905107=			Semi-annual		
CO083824328=			Semi-annual		
CO030429362=			Semi-annual		
CO089109256=			Semi-annual		
CO026779405=			Semi-annual		
CO030632206=			Annual		
CO030288785=			Semi-annual		
CO092812839=			Semi-annual		
CO072171039=			Semi-annual		
CO092601145=			Semi-annual		
CO083258659=			Annual		
CO058620700=			Annual		
CO070481308=			Semi-annual		
CO081101035=			Semi-annual		
CO025522311=			Semi-annual		
CO080166524=			Semi-annual		
CO083487895=			Semi-annual		
CO007027192=			Semi-annual		
CO043365215=			Semi-annual		
CO043365193=			Semi-annual		
CO058767166=			Annual		
CO087612589=			Annual		
MX3YG=RR			Semi-annual		
MX5YG=RR			Semi-annual		
MX7YG=RR			Semi-annual		
MX10YG=RR			Semi-annual		
MX20YG=RR			Semi-annual		
MX027125123=			Multi-Frequency		
MX025182936=			Multi-Frequency		
MX067122062=			Not applicable		
MX102032322=			Semi-annual		
MX025197453=			Semi-annual		
MX051990374=			Annual		
MX051990285=			Annual		
MX051990676=			Annual		
MX102032446=			Semi-annual		
MX022104080=			Semi-annual		
MX104520871=			Semi-annual		
MX006849270=			Semi-annual		
MX104659390=			Annual		
MX007586612=			Annual		
MX075403909=			Semi-annual		
MX044583828=			Annual		
MX049904380=			Semi-annual		
MX095418545=			Semi-annual		
MX095418546=			Semi-annual		
MX102623053=			Semi-annual		
MX104979076=			Semi-annual		
MX052748224=			Semi-annual		
MX105441860=			Annual		
MX028600640=			Semi-annual		
MX102574656=			Semi-annual		
MX090787861=			Semi-annual		
MX085705822=			Semi-annual		
MX049901623=			Semi-annual		
MX036365005=			Semi-annual		
MX063342181=			Semi-annual		
MX046254767=			Semi-annual		
MX043079972=			Annual		
MX047414288=			Semi-annual		
MX047074088=			Semi-annual		
MX062210125=			Quarterly		
MX037546429=			Semi-annual		
MX052598265=			Annual		
MX021310107=			Annual		
MX095430236=			Annual		
MX099748443=			Annual		
MX061744827=			Semi-annual		
MX009761039=			Semi-annual		
MX098583017=			Semi-annual		
MX105647484=			Semi-annual		
MX055046735=			Semi-annual		
MX023107031=			Semi-annual		
MX102736257=			Semi-annual		
MX081752893=			Semi-annual		
MX093329155=			Semi-annual		
MX016699314=			Semi-annual		
MX023172976=			Semi-annual		
MX018488949=			Annual		
MX032446566=			Semi-annual		
MX047383684=			Semi-annual		
MX048027695=			Semi-annual		
MX013412855=			Semi-annual		
MX084620238=			Semi-annual		
MX009148973=			Semi-annual		
MX046525523=			Semi-annual		
MX077580891=			Annual		
MX074646891=			Semi-annual		
MX006573584=			Semi-annual		
MX006982026=			Semi-annual		
MX086070693=			Semi-annual		
MX009013130=			Semi-annual		
MX100621495=			Semi-annual		
MX093106377=			Semi-annual		
MX099457490=			Semi-annual		
MX008600686=			Semi-annual		
MX100326515=			Semi-annual		
MX046624009=			Semi-annual		
MX083562862=			Semi-annual		
MX069961835=			Annual		
MX050033961=			Semi-annual		
MX020759623=			Quarterly		
MX015531886=			Semi-annual		
MX088732448=			Semi-annual		
MX020456426=			Semi-annual		
MX105765983=			Annual		
MX045470237=			Semi-annual		
MX044430932=			Semi-annual		
MX079847364=			Semi-annual		
MX016323322=			Semi-annual		
MX081285527=			Annual		
MX050278166=			Semi-annual		
MX048472818=			Semi-annual		
MX091676605=			Annual		
MX029339627=			Semi-annual		
MX054495595=			Quarterly		
MX024265102=			Semi-annual		
MX052197899=			Semi-annual		
MX021149586=			Semi-annual		
MX106546282=			Semi-annual		
MX104741401=			Semi-annual		
MX078359927=			Semi-annual		
MX030017960=			Semi-annual		
MX086278863=			Semi-annual		
MX063095915=			Semi-annual		
MX073159750=			Semi-annual		
MX073640288=			Semi-annual		
MX102896017=			Semi-annual		
MX032957960=			Semi-annual		
MX073713536=			Semi-annual		
MX097516251=			Semi-annual		
MX074217745=			Semi-annual		
MX096089147=			Semi-annual		
MX061625895=			Semi-annual		
MX026962277=			Semi-annual		
MX080217404=			Annual		
MX099457724=			Semi-annual		
MX075209568=			Semi-annual		
MX086529971=			Semi-annual		
MX052292395=			Semi-annual		
MX105013566=			Semi-annual		
MX022587820=			Semi-annual		
MX092219291=			Semi-annual		
MX075209452=			Semi-annual		
MX030017838=			Semi-annual		
MX064927825=			Monthly		
MX083156198=			Semi-annual		
MX083156007=			Semi-annual		
MX056301135=			Semi-annual		
MX020617039=			Annual		
MX016432105=			Semi-annual		
MX105215193=			Semi-annual		
MX012690282=			Semi-annual		
MX092891968=			Semi-annual		
MX071834930=			Every 182 days		
MX093679393=			Semi-annual		
MX095403549=			Semi-annual		
MX022587846=			Semi-annual		
MX045438490=			Semi-annual		
MX065570076=			Semi-annual		
MX106494053=			Semi-annual		
MX022207644=			Annual		
MX051024605=			Semi-annual		
MX083147628=			Semi-annual		
MX046293967=			Semi-annual		
MX045647757=			Annual		
MX020820322=			Semi-annual		
MX063138789=			Semi-annual		
MX102032381=			Semi-annual		
MX081011648=			Semi-annual		
MX030042921=			Semi-annual		
MX020218118=			Semi-annual		
MX010367123=			Quarterly		
MX015884398=			Annual		
MX059007971=			Semi-annual		
MX045811204=			Semi-annual		
MX074462839=			Semi-annual		
MX069961886=			Annual		
MX089692326=			Semi-annual		
MX018337754=			Semi-annual		
MX019762041=			Annual		
MX048780695=			Semi-annual		
MX083565322=			Semi-annual		
MX097659427=			Semi-annual		
MX020192666=			Quarterly		
MX097268495=			Semi-annual		
MX097342172=			Semi-annual		
MX081783764=			Semi-annual		
MX093968875=			Semi-annual		
MX027885977=			Semi-annual		
MX095430210=			Annual		
MX045280713=			Semi-annual		
MX105441819=			Annual		
MX086233908=			Semi-annual		
MX047970580=			Semi-annual		
MX023592258=			Semi-annual		
MX104078303=			Annual		
MX044961431=			Quarterly		
MX096934076=			Annual		
MX096934114=			Annual		
MX096934238=			Annual		
MX020631015=			Semi-annual		
MX088736630=			Semi-annual		
UA062799447=			Semi-annual		
UA055308870=			Semi-annual		
UA050564746=			Semi-annual		
UA078395028=			Semi-annual		
UA061432558=			Semi-annual		
UA101466043=			Semi-annual		
UA061985646=			Semi-annual		
UA086247623=			Semi-annual		
UA055632782=			Semi-annual		
UA031028370=			Semi-annual		
UA064475002=			Semi-annual		
UA023362023=			Semi-annual		
UA046256107=			Semi-annual		
UA059154923=			Semi-annual		
UA051137906=			Semi-annual		
UA091050617=			Semi-annual		
UA050290832=			Semi-annual		
UA091690225=			Semi-annual		
UA055914087=			Semi-annual		
UA033453469=			Semi-annual		
UA030720253=			Semi-annual		
UA045920712=			Semi-annual		
UA090643487=			Semi-annual		
UA059429469=			Semi-annual		
UA089689031=			Semi-annual		
UA024293939=			Semi-annual		
UA054374453=			Semi-annual		
UA028701578=			Quarterly		
UA093413431=			Semi-annual		
UA020207868=			Semi-annual		
UA091760584=			Semi-annual		
UA085835823=			Semi-annual		
UA059439081=			Semi-annual		
UA054378319=			Semi-annual		
UA033077661=			Semi-annual		
UA080875819=			Semi-annual		
UA027605311=			Semi-annual		
UA063855294=			Semi-annual		
UA100948320=			Semi-annual		
UA023232987=			Annual		
UA054378343=			Semi-annual		
UA080477821=			Semi-annual		
UA087773728=			Semi-annual		
UA024373312=			Semi-annual		
UA050373746=			Semi-annual		
UA090850245=			Semi-annual		
UA030324161=			Semi-annual		
BY052939470=			Semi-annual		
KZ024201279=			Multi-Frequency		
KZ023439824=			Multi-Frequency		
KZ024558690=			Multi-Frequency		
KZ027461824=			Multi-Frequency		
KZ049575637=			Multi-Frequency		
KZ057057734=			Semi-annual		
KZ086058243=			Semi-annual		
KZ053165788=			Semi-annual		
KZ025372328=			Semi-annual		
KZ053299067=			Semi-annual		
KZ054621400=			Semi-annual		
KZ049575556=			Semi-annual		
KZ029893128=			Semi-annual		
KZ099770805=			Annual		
KZ022074377=			Semi-annual		
KZ028643110=			Annual		
KZ051082001=			Semi-annual		
KZ055688575=			Semi-annual		
KZ044126192=			Semi-annual		
KZ092501515=			Semi-annual		
KZ092501507=			Semi-annual		
KZ024816010=			Semi-annual		
KZ028053177=			Semi-annual		
KZ053299083=			Semi-annual		
KZ053165729=			Semi-annual		
KZ049664508=			Semi-annual		
KZ025369475=			Semi-annual		
KZ050652785=			Semi-annual		
KZ030032098=			Semi-annual		
KZ020634103=			Semi-annual		
KZ027670792=			Semi-annual		
KZ023448823=			Semi-annual		
KZ052282667=			Semi-annual		
KZ086835916=			Semi-annual		
KZ091829215=			Semi-annual		
KZ093460901=			Semi-annual		
KZ021187305=			Semi-annual		
KZ057054131=			Semi-annual		
KZ058379697=			Semi-annual		
KZ062551615=			Semi-annual		
KZ037364100=			Semi-annual		
KZ079965863=			Semi-annual		
KZ056823565=			Annual		
KZ056823581=			Annual		
KZ053299024=			Semi-annual		
KZ053298982=			Semi-annual		
KZ053298877=			Semi-annual		
KZ053165605=			Semi-annual		
KZ049664591=			Semi-annual		
KZ049664567=			Semi-annual		
KZ049575572=			Annual		
KZ027617786=			Semi-annual		
KZ016884880=			Semi-annual		
KZ024984273=			Annual		
KZ018894599=			Semi-annual		
AZ059251414=			Semi-annual		
AZ030001346=			Semi-annual		
AZ085335707=			Semi-annual		
AZ097308535=			Semi-annual		
AZ074412696=			Semi-annual		
US1MT=RR			Not applicable		
US3MT=RR			Not applicable		
US6MT=RR			Not applicable		
US1YT=RR			Not applicable		
US2YT=RR			Semi-annual		
US3YT=RR			Semi-annual		
US5YT=RR			Semi-annual		
US7YT=RR			Semi-annual		
US10YT=RR			Semi-annual		
US912796DB2=PX			Not applicable		
US912796DF3=PX			Not applicable		
US912796DG1=PX			Not applicable		
US912796DP1=PX			Not applicable		
US912796DU0=PX			Not applicable		
US912796DY2=PX			Not applicable		
US1YTWI=PX			Not applicable		
US912820YD3=PX			Semi-annual		
US912820KF3=PX			Semi-annual		
US912833KC3=PX			Semi-annual		
US912820E52=PX			Semi-annual		
US912834DW5=PX			Semi-annual		
US912820TS6=PX			Semi-annual		
US912820YJ0=PX			Semi-annual		
US912834KK3=PX			Semi-annual		
US912820E78=PX			Semi-annual		
US912820TV9=PX			Semi-annual		
US912834EC8=PX			Semi-annual		
US912834KM9=PX			Semi-annual		
US912820YN1=PX			Semi-annual		
US912820RR0=PX			Semi-annual		
US912834EJ3=PX			Semi-annual		
US912820UA3=PX			Semi-annual		
US912820YU5=PX			Semi-annual		
US912833DG2=PX			Semi-annual		
US912820KQ9=PX			Semi-annual		
US912820RX7=PX			Semi-annual		
US912820UG0=PX			Semi-annual		
US912834AW8=PX			Semi-annual		
US912834KR8=PX			Semi-annual		
US912820YY7=PX			Semi-annual		
US912820SB4=PX			Semi-annual		
US912820UM7=PX			Semi-annual		
US912834BE7=PX			Semi-annual		
US912820ZC4=PX			Semi-annual		
US912834KT4=PX			Semi-annual		
US912820SF5=PX			Semi-annual		
US912820UP0=PX			Semi-annual		
US912834BN7=PX			Semi-annual		
US912820ZG5=PX			Semi-annual		
US912820KZ9=PX			Semi-annual		
US912833KD1=PX			Semi-annual		
US912820SL2=PX			Semi-annual		
US912820UV7=PX			Semi-annual		
US912834DX3=PX			Semi-annual		
US912820ZM2=PX			Semi-annual		
US912834KX5=PX			Semi-annual		
US912820A49=PX			Semi-annual		
US912820UZ8=PX			Semi-annual		
US912834ED6=PX			Semi-annual		
US912834KZ0=PX			Semi-annual		
US912820ZR1=PX			Semi-annual		
US912820A98=PX			Semi-annual		
US912820VE4=PX			Semi-annual		
US912834EK0=PX			Semi-annual		
US912820ZX8=PX			Semi-annual		
US912820LJ4=PX			Semi-annual		
US912833DH0=PX			Semi-annual		
US912803AA1=PX			Semi-annual		
US912820B55=PX			Semi-annual		
US912820VJ3=PX			Semi-annual		
US912834AX6=PX			Semi-annual		
US912834LF3=PX			Semi-annual		
US912820C88=PX			Semi-annual		
US912820C21=PX			Semi-annual		
US912820VQ7=PX			Semi-annual		
US912834BF4=PX			Semi-annual		
US912834LH9=PX			Semi-annual		
US912820D46=PX			Semi-annual		
US912820C54=PX			Semi-annual		
US912820VU8=PX			Semi-annual		
US912834BP2=PX			Semi-annual		
US912820D95=PX			Semi-annual		
US912820LS4=PX			Semi-annual		
US912833KE9=PX			Semi-annual		
US912820F69=PX			Semi-annual		
US912834DY1=PX			Semi-annual		
US912820VZ7=PX			Semi-annual		
US912820E60=PX			Semi-annual		
US912834LM8=PX			Semi-annual		
US912820F93=PX			Semi-annual		
US912820WD5=PX			Semi-annual		
US912834EE4=PX			Semi-annual		
US912820F28=PX			Semi-annual		
US912834LP1=PX			Semi-annual		
US912820G50=PX			Semi-annual		
US912820WH6=PX			Semi-annual		
US912834EL8=PX			Semi-annual		
US912820RT6=PX			Semi-annual		
US912820MB0=PX			Semi-annual		
US912833JT8=PX			Semi-annual		
US912803AC7=PX			Semi-annual		
US912820H34=PX			Semi-annual		
US912834AY4=PX			Semi-annual		
US912820WP8=PX			Semi-annual		
US912820RY5=PX			Semi-annual		
US912834LT3=PX			Semi-annual		
US912820H67=PX			Semi-annual		
US912820WT0=PX			Semi-annual		
US912834BG2=PX			Semi-annual		
US912834LV8=PX			Semi-annual		
US912820SC2=PX			Semi-annual		
US912820J32=PX			Semi-annual		
US912820WY9=PX			Semi-annual		
US912834BQ0=PX			Semi-annual		
US912820SG3=PX			Semi-annual		
US912820MK0=PX			Semi-annual		
US912803AE3=PX			Semi-annual		
US912833KF6=PX			Semi-annual		
US912820J73=PX			Semi-annual		
US912820XC6=PX			Semi-annual		
US912834DZ8=PX			Semi-annual		
US912834LZ9=PX			Semi-annual		
US912820SM0=PX			Semi-annual		
US912820K30=PX			Semi-annual		
US912820XG7=PX			Semi-annual		
US912834EF1=PX			Semi-annual		
US912834MB1=PX			Semi-annual		
US912820A56=PX			Semi-annual		
US912820K89=PX			Semi-annual		
US912820XL6=PX			Semi-annual		
US912834EM6=PX			Semi-annual		
US912820B22=PX			Semi-annual		
US912820MT1=PX			Semi-annual		
US912803AF0=PX			Semi-annual		
US912833KG4=PX			Semi-annual		
US912820L54=PX			Semi-annual		
US912820XR3=PX			Semi-annual		
US912834AZ1=PX			Semi-annual		
US912820TB3=PX			Semi-annual		
US912834MH8=PX			Semi-annual		
US912820B71=PX			Semi-annual		
US912820L96=PX			Semi-annual		
US912820XW2=PX			Semi-annual		
US912820TH0=PX			Semi-annual		
US912834BH0=PX			Semi-annual		
US912834MK1=PX			Semi-annual		
US912820C39=PX			Semi-annual		
US912820M61=PX			Semi-annual		
US912820YA9=PX			Semi-annual		
US912834BR8=PX			Semi-annual		
US912820SP3=PX			Semi-annual		
US912820NC7=PX			Semi-annual		
US912803AH6=PX			Semi-annual		
US912833KH2=PX			Semi-annual		
US912820YG6=PX			Semi-annual		
US912834EA2=PX			Semi-annual		
US912820TT4=PX			Semi-annual		
US912820F77=PX			Semi-annual		
US912834MP0=PX			Semi-annual		
US912820YM3=PX			Semi-annual		
US912820TW7=PX			Semi-annual		
US912834EG9=PX			Semi-annual		
US912820G35=PX			Semi-annual		
US912834MR6=PX			Semi-annual		
US912820YQ4=PX			Semi-annual		
US912834EN4=PX			Semi-annual		
US912820UB1=PX			Semi-annual		
US912820G92=PX			Semi-annual		
US912820NM5=PX			Semi-annual		
US912833KJ8=PX			Semi-annual		
US912820YW1=PX			Semi-annual		
US912834EQ7=PX			Semi-annual		
US912820UH8=PX			Semi-annual		
US912834MV7=PX			Semi-annual		
US912820H59=PX			Semi-annual		
US912820YZ4=PX			Semi-annual		
US912820UL9=PX			Semi-annual		
US912834ES3=PX			Semi-annual		
US912820H91=PX			Semi-annual		
US912834MX3=PX			Semi-annual		
US912820ZD2=PX			Semi-annual		
US912820UR6=PX			Semi-annual		
US912834EU8=PX			Semi-annual		
US912820J57=PX			Semi-annual		
US912820NV5=PX			Semi-annual		
US912803AK9=PX			Semi-annual		
US912833KK5=PX			Semi-annual		
US912820ZL4=PX			Semi-annual		
US912834EW4=PX			Semi-annual		
US912820UW5=PX			Semi-annual		
US912820K22=PX			Semi-annual		
US912834NB0=PX			Semi-annual		
US912820ZP5=PX			Semi-annual		
US912834EY0=PX			Semi-annual		
US912820UY1=PX			Semi-annual		
US912834ND6=PX			Semi-annual		
US912820K63=PX			Semi-annual		
US912820ZT7=PX			Semi-annual		
US912820VF1=PX			Semi-annual		
US912834FA1=PX			Semi-annual		
US912820L39=PX			Semi-annual		
US912833KL3=PX			Semi-annual		
US912820PE1=PX			Semi-annual		
US912820C70=PX			Semi-annual		
US912834FC7=PX			Semi-annual		
US912820VK0=PX			Semi-annual		
US912820L88=PX			Semi-annual		
US912834NK0=PX			Semi-annual		
US912820D38=PX			Semi-annual		
US912834HS0=PX			Semi-annual		
US912820VP9=PX			Semi-annual		
US912820M46=PX			Semi-annual		
US912834NM6=PX			Semi-annual		
US912820D61=PX			Semi-annual		
US912834HU5=PX			Semi-annual		
US912820VV6=PX			Semi-annual		
US912820M95=PX			Semi-annual		
US912820PP6=PX			Semi-annual		
US912803AL7=PX			Semi-annual		
US912820E45=PX			Semi-annual		
US912834HW1=PX			Semi-annual		
US912820WA1=PX			Semi-annual		
US912820E86=PX			Semi-annual		
US912834HY7=PX			Semi-annual		
US912820WC7=PX			Semi-annual		
US912820RQ2=PX			Semi-annual		
US912834JA7=PX			Semi-annual		
US912820WJ2=PX			Semi-annual		
US912833KN9=PX			Semi-annual		
US912803AM5=PX			Semi-annual		
US912820PX9=PX			Semi-annual		
US912820RV1=PX			Semi-annual		
US912820WQ6=PX			Semi-annual		
